trail,trailurl,objectid,title,relative_link,nexttitle,nextobjectid,nextlink,prevtitle,prevobjectid,prevlink
Carlton Loop,carltonloop,brad-smith-encounter-beehive-lakes,Brad Smith on Encounter at Beehive Lakes,carltonloop.html?id=brad-smith-encounter-beehive-lakes,Muley Buck,salmopriest-criticalhabitat-littlesnowyridgefunnel-imag0314,carltonloop.html?id=salmopriest-criticalhabitat-littlesnowyridgefunnel-imag0314,Loops Main page,,/loops/index.html
Carlton Loop,carltonloop,salmopriest-criticalhabitat-littlesnowyridgefunnel-imag0314,Muley Buck,carltonloop.html?id=salmopriest-criticalhabitat-littlesnowyridgefunnel-imag0314,Whitetail Doe Quartering Away,salmopriest-criticalhabitat-littlesnowyridgefunnel-imag0227,carltonloop.html?id=salmopriest-criticalhabitat-littlesnowyridgefunnel-imag0227,Brad Smith on Encounter at Beehive Lakes,brad-smith-encounter-beehive-lakes,carltonloop.html?id=brad-smith-encounter-beehive-lakes
Carlton Loop,carltonloop,salmopriest-criticalhabitat-littlesnowyridgefunnel-imag0227,Whitetail Doe Quartering Away,carltonloop.html?id=salmopriest-criticalhabitat-littlesnowyridgefunnel-imag0227,Ground Squirrel Songbird Encounter,salmopriest-criticalhabitat-littlesnowyridgefunnel-imag0212,carltonloop.html?id=salmopriest-criticalhabitat-littlesnowyridgefunnel-imag0212,Muley Buck,salmopriest-criticalhabitat-littlesnowyridgefunnel-imag0314,carltonloop.html?id=salmopriest-criticalhabitat-littlesnowyridgefunnel-imag0314
Carlton Loop,carltonloop,salmopriest-criticalhabitat-littlesnowyridgefunnel-imag0212,Ground Squirrel Songbird Encounter,carltonloop.html?id=salmopriest-criticalhabitat-littlesnowyridgefunnel-imag0212,Caribou Ghosts,salmopriest-criticalhabitat-littlesnowyridgefunnel-imag0246,carltonloop.html?id=salmopriest-criticalhabitat-littlesnowyridgefunnel-imag0246,Whitetail Doe Quartering Away,salmopriest-criticalhabitat-littlesnowyridgefunnel-imag0227,carltonloop.html?id=salmopriest-criticalhabitat-littlesnowyridgefunnel-imag0227
Carlton Loop,carltonloop,salmopriest-criticalhabitat-littlesnowyridgefunnel-imag0246,Caribou Ghosts,carltonloop.html?id=salmopriest-criticalhabitat-littlesnowyridgefunnel-imag0246,Foxtrot,salmopriest-criticalhabitat-littlesnowyridgefunnel-imag0309,carltonloop.html?id=salmopriest-criticalhabitat-littlesnowyridgefunnel-imag0309,Ground Squirrel Songbird Encounter,salmopriest-criticalhabitat-littlesnowyridgefunnel-imag0212,carltonloop.html?id=salmopriest-criticalhabitat-littlesnowyridgefunnel-imag0212
Carlton Loop,carltonloop,salmopriest-criticalhabitat-littlesnowyridgefunnel-imag0309,Foxtrot,carltonloop.html?id=salmopriest-criticalhabitat-littlesnowyridgefunnel-imag0309,Bull In The Fog,salmopriest-criticalhabitat-littlesnowyridgefunnel-imag0226,carltonloop.html?id=salmopriest-criticalhabitat-littlesnowyridgefunnel-imag0226,Caribou Ghosts,salmopriest-criticalhabitat-littlesnowyridgefunnel-imag0246,carltonloop.html?id=salmopriest-criticalhabitat-littlesnowyridgefunnel-imag0246
Carlton Loop,carltonloop,salmopriest-criticalhabitat-littlesnowyridgefunnel-imag0226,Bull In The Fog,carltonloop.html?id=salmopriest-criticalhabitat-littlesnowyridgefunnel-imag0226,Midday Wind,salmopriest-criticalhabitat-littlesnowyridgefunnel-imag0240,carltonloop.html?id=salmopriest-criticalhabitat-littlesnowyridgefunnel-imag0240,Foxtrot,salmopriest-criticalhabitat-littlesnowyridgefunnel-imag0309,carltonloop.html?id=salmopriest-criticalhabitat-littlesnowyridgefunnel-imag0309
Carlton Loop,carltonloop,salmopriest-criticalhabitat-littlesnowyridgefunnel-imag0240,Midday Wind,carltonloop.html?id=salmopriest-criticalhabitat-littlesnowyridgefunnel-imag0240,"Wayne Wakkinen ""a single smooth wire""",wayne-wakkinen-single-wire,carltonloop.html?id=wayne-wakkinen-single-wire,Bull In The Fog,salmopriest-criticalhabitat-littlesnowyridgefunnel-imag0226,carltonloop.html?id=salmopriest-criticalhabitat-littlesnowyridgefunnel-imag0226
Carlton Loop,carltonloop,wayne-wakkinen-single-wire,"Wayne Wakkinen ""a single smooth wire""",carltonloop.html?id=wayne-wakkinen-single-wire,Morning Tree,ballcreek-cedarrub-morningtree,carltonloop.html?id=ballcreek-cedarrub-morningtree,Midday Wind,salmopriest-criticalhabitat-littlesnowyridgefunnel-imag0240,carltonloop.html?id=salmopriest-criticalhabitat-littlesnowyridgefunnel-imag0240
Carlton Loop,carltonloop,ballcreek-cedarrub-morningtree,Morning Tree,carltonloop.html?id=ballcreek-cedarrub-morningtree,Passing Through,ballcreek-cedarrub-moosepassesthrough,carltonloop.html?id=ballcreek-cedarrub-moosepassesthrough,"Wayne Wakkinen ""a single smooth wire""",wayne-wakkinen-single-wire,carltonloop.html?id=wayne-wakkinen-single-wire
Carlton Loop,carltonloop,ballcreek-cedarrub-moosepassesthrough,Passing Through,carltonloop.html?id=ballcreek-cedarrub-moosepassesthrough,Investigates Rub,ballcreek-cedarrub-bullelkinvestigatesbearrub2,carltonloop.html?id=ballcreek-cedarrub-bullelkinvestigatesbearrub2,Morning Tree,ballcreek-cedarrub-morningtree,carltonloop.html?id=ballcreek-cedarrub-morningtree
Carlton Loop,carltonloop,ballcreek-cedarrub-bullelkinvestigatesbearrub2,Investigates Rub,carltonloop.html?id=ballcreek-cedarrub-bullelkinvestigatesbearrub2,Hiker Investigates,ballcreek-cedarrub-hikerinvestigates,carltonloop.html?id=ballcreek-cedarrub-hikerinvestigates,Passing Through,ballcreek-cedarrub-moosepassesthrough,carltonloop.html?id=ballcreek-cedarrub-moosepassesthrough
Carlton Loop,carltonloop,ballcreek-cedarrub-hikerinvestigates,Hiker Investigates,carltonloop.html?id=ballcreek-cedarrub-hikerinvestigates,Cinnamon Investigates,ballcreek-cedarrub-cinnamonbearinvestigatestree2-vid,carltonloop.html?id=ballcreek-cedarrub-cinnamonbearinvestigatestree2-vid,Investigates Rub,ballcreek-cedarrub-bullelkinvestigatesbearrub2,carltonloop.html?id=ballcreek-cedarrub-bullelkinvestigatesbearrub2
Carlton Loop,carltonloop,ballcreek-cedarrub-cinnamonbearinvestigatestree2-vid,Cinnamon Investigates,carltonloop.html?id=ballcreek-cedarrub-cinnamonbearinvestigatestree2-vid,Night Bird,ballcreek-cedarrub-nightbird,carltonloop.html?id=ballcreek-cedarrub-nightbird,Hiker Investigates,ballcreek-cedarrub-hikerinvestigates,carltonloop.html?id=ballcreek-cedarrub-hikerinvestigates
Carlton Loop,carltonloop,ballcreek-cedarrub-nightbird,Night Bird,carltonloop.html?id=ballcreek-cedarrub-nightbird,Dave Boswell On Jasper Carlton and Mountain Caribou Protection,dave-boswell-jasper-carlton ,carltonloop.html?id=dave-boswell-jasper-carlton ,Cinnamon Investigates,ballcreek-cedarrub-cinnamonbearinvestigatestree2-vid,carltonloop.html?id=ballcreek-cedarrub-cinnamonbearinvestigatestree2-vid
Carlton Loop,carltonloop,dave-boswell-jasper-carlton ,Dave Boswell On Jasper Carlton and Mountain Caribou Protection,carltonloop.html?id=dave-boswell-jasper-carlton ,Selkirk Ghosts,salmopriest-criticalhabitat-criticalhabitatridgelinesouth-imag0006,carltonloop.html?id=salmopriest-criticalhabitat-criticalhabitatridgelinesouth-imag0006,Night Bird,ballcreek-cedarrub-nightbird,carltonloop.html?id=ballcreek-cedarrub-nightbird
Carlton Loop,carltonloop,salmopriest-criticalhabitat-criticalhabitatridgelinesouth-imag0006,Selkirk Ghosts,carltonloop.html?id=salmopriest-criticalhabitat-criticalhabitatridgelinesouth-imag0006,Dont Look Back...,salmopriest-criticalhabitat-wolfpipe-imag0048,carltonloop.html?id=salmopriest-criticalhabitat-wolfpipe-imag0048,Dave Boswell On Jasper Carlton and Mountain Caribou Protection,dave-boswell-jasper-carlton ,carltonloop.html?id=dave-boswell-jasper-carlton 
Carlton Loop,carltonloop,salmopriest-criticalhabitat-wolfpipe-imag0048,Dont Look Back...,carltonloop.html?id=salmopriest-criticalhabitat-wolfpipe-imag0048,Something Might Be Gaining On You,salmopriest-criticalhabitat-wolfpipe-imag0053,carltonloop.html?id=salmopriest-criticalhabitat-wolfpipe-imag0053,Selkirk Ghosts,salmopriest-criticalhabitat-criticalhabitatridgelinesouth-imag0006,carltonloop.html?id=salmopriest-criticalhabitat-criticalhabitatridgelinesouth-imag0006
Carlton Loop,carltonloop,salmopriest-criticalhabitat-wolfpipe-imag0053,Something Might Be Gaining On You,carltonloop.html?id=salmopriest-criticalhabitat-wolfpipe-imag0053,Loops Main page,,/loops/index.html,Dont Look Back...,salmopriest-criticalhabitat-wolfpipe-imag0048,carltonloop.html?id=salmopriest-criticalhabitat-wolfpipe-imag0048
Old Growth Trail,oldgrowthtrail,greg-servheen-on-ecology,Greg Servheen on Ecology,oldgrowthtrail.html?id=greg-servheen-on-ecology,Wet Bear,ballcreek-cedarrub-wetblackbearrubdismount,oldgrowthtrail.html?id=ballcreek-cedarrub-wetblackbearrubdismount,Loops Main page,,/loops/index.html
Old Growth Trail,oldgrowthtrail,ballcreek-cedarrub-wetblackbearrubdismount,Wet Bear,oldgrowthtrail.html?id=ballcreek-cedarrub-wetblackbearrubdismount,Bull Approach,ballcreek-cedarrub-bullelkapproach,oldgrowthtrail.html?id=ballcreek-cedarrub-bullelkapproach,Greg Servheen on Ecology,greg-servheen-on-ecology,oldgrowthtrail.html?id=greg-servheen-on-ecology
Old Growth Trail,oldgrowthtrail,ballcreek-cedarrub-bullelkapproach,Bull Approach,oldgrowthtrail.html?id=ballcreek-cedarrub-bullelkapproach,Investigates Rub,ballcreek-cedarrub-bullelkinvestigatesblackbearrub,oldgrowthtrail.html?id=ballcreek-cedarrub-bullelkinvestigatesblackbearrub,Wet Bear,ballcreek-cedarrub-wetblackbearrubdismount,oldgrowthtrail.html?id=ballcreek-cedarrub-wetblackbearrubdismount
Old Growth Trail,oldgrowthtrail,ballcreek-cedarrub-bullelkinvestigatesblackbearrub,Investigates Rub,oldgrowthtrail.html?id=ballcreek-cedarrub-bullelkinvestigatesblackbearrub,Moose Investigates,ballcreek-cedarrub-mooseinvestigatestree-vid,oldgrowthtrail.html?id=ballcreek-cedarrub-mooseinvestigatestree-vid,Bull Approach,ballcreek-cedarrub-bullelkapproach,oldgrowthtrail.html?id=ballcreek-cedarrub-bullelkapproach
Old Growth Trail,oldgrowthtrail,ballcreek-cedarrub-mooseinvestigatestree-vid,Moose Investigates,oldgrowthtrail.html?id=ballcreek-cedarrub-mooseinvestigatestree-vid,Night Bird,ballcreek-cedarrub-nightbird,oldgrowthtrail.html?id=ballcreek-cedarrub-nightbird,Investigates Rub,ballcreek-cedarrub-bullelkinvestigatesblackbearrub,oldgrowthtrail.html?id=ballcreek-cedarrub-bullelkinvestigatesblackbearrub
Old Growth Trail,oldgrowthtrail,ballcreek-cedarrub-nightbird,Night Bird,oldgrowthtrail.html?id=ballcreek-cedarrub-nightbird,Family Passes Tree,ballcreek-cedarrub-familypassestree,oldgrowthtrail.html?id=ballcreek-cedarrub-familypassestree,Moose Investigates,ballcreek-cedarrub-mooseinvestigatestree-vid,oldgrowthtrail.html?id=ballcreek-cedarrub-mooseinvestigatestree-vid
Old Growth Trail,oldgrowthtrail,ballcreek-cedarrub-familypassestree,Family Passes Tree,oldgrowthtrail.html?id=ballcreek-cedarrub-familypassestree,Passing Through,ballcreek-cedarrub-moosepassesthrough,oldgrowthtrail.html?id=ballcreek-cedarrub-moosepassesthrough,Night Bird,ballcreek-cedarrub-nightbird,oldgrowthtrail.html?id=ballcreek-cedarrub-nightbird
Old Growth Trail,oldgrowthtrail,ballcreek-cedarrub-moosepassesthrough,Passing Through,oldgrowthtrail.html?id=ballcreek-cedarrub-moosepassesthrough,Cinnamon Bear Rubs 2.0,cinnamon-bear-rubs-2-0,oldgrowthtrail.html?id=cinnamon-bear-rubs-2-0,Family Passes Tree,ballcreek-cedarrub-familypassestree,oldgrowthtrail.html?id=ballcreek-cedarrub-familypassestree
Old Growth Trail,oldgrowthtrail,cinnamon-bear-rubs-2-0,Cinnamon Bear Rubs 2.0,oldgrowthtrail.html?id=cinnamon-bear-rubs-2-0,Decker,ballcreek-cedarrub-deckerfacescam,oldgrowthtrail.html?id=ballcreek-cedarrub-deckerfacescam,Passing Through,ballcreek-cedarrub-moosepassesthrough,oldgrowthtrail.html?id=ballcreek-cedarrub-moosepassesthrough
Old Growth Trail,oldgrowthtrail,ballcreek-cedarrub-deckerfacescam,Decker,oldgrowthtrail.html?id=ballcreek-cedarrub-deckerfacescam,Chimney Rock Encounter,chimney-rock-encounter,oldgrowthtrail.html?id=chimney-rock-encounter,Cinnamon Bear Rubs 2.0,cinnamon-bear-rubs-2-0,oldgrowthtrail.html?id=cinnamon-bear-rubs-2-0
Old Growth Trail,oldgrowthtrail,chimney-rock-encounter,Chimney Rock Encounter,oldgrowthtrail.html?id=chimney-rock-encounter,Ungulate Highways: In Search of Mountain Caribou,,oldgrowthtrail.html?id=,Decker,ballcreek-cedarrub-deckerfacescam,oldgrowthtrail.html?id=ballcreek-cedarrub-deckerfacescam
Old Growth Trail,oldgrowthtrail,,Ungulate Highways: In Search of Mountain Caribou,oldgrowthtrail.html?id=,kǂawǂa,salmopriest-criticalhabitat-bearpipe-grizzlybear,oldgrowthtrail.html?id=salmopriest-criticalhabitat-bearpipe-grizzlybear,Chimney Rock Encounter,chimney-rock-encounter,oldgrowthtrail.html?id=chimney-rock-encounter
Old Growth Trail,oldgrowthtrail,salmopriest-criticalhabitat-bearpipe-grizzlybear,kǂawǂa,oldgrowthtrail.html?id=salmopriest-criticalhabitat-bearpipe-grizzlybear,Evening,salmopriest-criticalhabitat-bearpipe-imag0364,oldgrowthtrail.html?id=salmopriest-criticalhabitat-bearpipe-imag0364,Ungulate Highways: In Search of Mountain Caribou,,oldgrowthtrail.html?id=
Old Growth Trail,oldgrowthtrail,salmopriest-criticalhabitat-bearpipe-imag0364,Evening,oldgrowthtrail.html?id=salmopriest-criticalhabitat-bearpipe-imag0364,Spooked,salmopriest-criticalhabitat-bearpipe-imag0376,oldgrowthtrail.html?id=salmopriest-criticalhabitat-bearpipe-imag0376,kǂawǂa,salmopriest-criticalhabitat-bearpipe-grizzlybear,oldgrowthtrail.html?id=salmopriest-criticalhabitat-bearpipe-grizzlybear
Old Growth Trail,oldgrowthtrail,salmopriest-criticalhabitat-bearpipe-imag0376,Spooked,oldgrowthtrail.html?id=salmopriest-criticalhabitat-bearpipe-imag0376,Night Owl,salmopriest-criticalhabitat-bearpipe-imag0024,oldgrowthtrail.html?id=salmopriest-criticalhabitat-bearpipe-imag0024,Evening,salmopriest-criticalhabitat-bearpipe-imag0364,oldgrowthtrail.html?id=salmopriest-criticalhabitat-bearpipe-imag0364
Old Growth Trail,oldgrowthtrail,salmopriest-criticalhabitat-bearpipe-imag0024,Night Owl,oldgrowthtrail.html?id=salmopriest-criticalhabitat-bearpipe-imag0024,Bumbling Sunrise,Bumbling Sunrise,oldgrowthtrail.html?id=Bumbling Sunrise,Spooked,salmopriest-criticalhabitat-bearpipe-imag0376,oldgrowthtrail.html?id=salmopriest-criticalhabitat-bearpipe-imag0376
Old Growth Trail,oldgrowthtrail,Bumbling Sunrise,Bumbling Sunrise,oldgrowthtrail.html?id=Bumbling Sunrise,Dave Boswell and the Face of God,dave-boswell-and-the-face-of-god,oldgrowthtrail.html?id=dave-boswell-and-the-face-of-god,Night Owl,salmopriest-criticalhabitat-bearpipe-imag0024,oldgrowthtrail.html?id=salmopriest-criticalhabitat-bearpipe-imag0024
Old Growth Trail,oldgrowthtrail,dave-boswell-and-the-face-of-god,Dave Boswell and the Face of God,oldgrowthtrail.html?id=dave-boswell-and-the-face-of-god,Loops Main page,,/loops/index.html,Bumbling Sunrise,Bumbling Sunrise,oldgrowthtrail.html?id=Bumbling Sunrise
Encounter Loop,encounterloop,chimney-rock-encounter,Chimney Rock Encounter,encounterloop.html?id=chimney-rock-encounter,Waters Edge,twomouth-unnamedlake-imag0007,encounterloop.html?id=twomouth-unnamedlake-imag0007,Loops Main page,,/loops/index.html
Encounter Loop,encounterloop,twomouth-unnamedlake-imag0007,Waters Edge,encounterloop.html?id=twomouth-unnamedlake-imag0007,Reflection,twomouth-unnamedlake-imag0010,encounterloop.html?id=twomouth-unnamedlake-imag0010,Chimney Rock Encounter,chimney-rock-encounter,encounterloop.html?id=chimney-rock-encounter
Encounter Loop,encounterloop,twomouth-unnamedlake-imag0010,Reflection,encounterloop.html?id=twomouth-unnamedlake-imag0010,Sleet,twomouth-unnamedlake-imag0032,encounterloop.html?id=twomouth-unnamedlake-imag0032,Waters Edge,twomouth-unnamedlake-imag0007,encounterloop.html?id=twomouth-unnamedlake-imag0007
Encounter Loop,encounterloop,twomouth-unnamedlake-imag0032,Sleet,encounterloop.html?id=twomouth-unnamedlake-imag0032,Man With Dog,twomouth-unnamedlake-imag0047,encounterloop.html?id=twomouth-unnamedlake-imag0047,Reflection,twomouth-unnamedlake-imag0010,encounterloop.html?id=twomouth-unnamedlake-imag0010
Encounter Loop,encounterloop,twomouth-unnamedlake-imag0047,Man With Dog,encounterloop.html?id=twomouth-unnamedlake-imag0047,On The Prowl,twomouth-unnamedlake-imag15,encounterloop.html?id=twomouth-unnamedlake-imag15,Sleet,twomouth-unnamedlake-imag0032,encounterloop.html?id=twomouth-unnamedlake-imag0032
Encounter Loop,encounterloop,twomouth-unnamedlake-imag15,On The Prowl,encounterloop.html?id=twomouth-unnamedlake-imag15,Predator,twomouth-unnamedlake-imag0061,encounterloop.html?id=twomouth-unnamedlake-imag0061,Man With Dog,twomouth-unnamedlake-imag0047,encounterloop.html?id=twomouth-unnamedlake-imag0047
Encounter Loop,encounterloop,twomouth-unnamedlake-imag0061,Predator,encounterloop.html?id=twomouth-unnamedlake-imag0061,Kit,twomouth-unnamedlake-imag0068,encounterloop.html?id=twomouth-unnamedlake-imag0068,On The Prowl,twomouth-unnamedlake-imag15,encounterloop.html?id=twomouth-unnamedlake-imag15
Encounter Loop,encounterloop,twomouth-unnamedlake-imag0068,Kit,encounterloop.html?id=twomouth-unnamedlake-imag0068,Rumps,twomouth-unnamedlake-imag0058,encounterloop.html?id=twomouth-unnamedlake-imag0058,Predator,twomouth-unnamedlake-imag0061,encounterloop.html?id=twomouth-unnamedlake-imag0061
Encounter Loop,encounterloop,twomouth-unnamedlake-imag0058,Rumps,encounterloop.html?id=twomouth-unnamedlake-imag0058,Shadow Puppet,twomouth-unnamedlake-imag0124,encounterloop.html?id=twomouth-unnamedlake-imag0124,Kit,twomouth-unnamedlake-imag0068,encounterloop.html?id=twomouth-unnamedlake-imag0068
Encounter Loop,encounterloop,twomouth-unnamedlake-imag0124,Shadow Puppet,encounterloop.html?id=twomouth-unnamedlake-imag0124,Greg Johnson on Habitat Alteration and Predation,greg-johnson-habitat-alteration,encounterloop.html?id=greg-johnson-habitat-alteration,Rumps,twomouth-unnamedlake-imag0058,encounterloop.html?id=twomouth-unnamedlake-imag0058
Encounter Loop,encounterloop,greg-johnson-habitat-alteration,Greg Johnson on Habitat Alteration and Predation,encounterloop.html?id=greg-johnson-habitat-alteration,Two Mouth Lakes Encounter,two-mouth-lakes-encounter,encounterloop.html?id=two-mouth-lakes-encounter,Shadow Puppet,twomouth-unnamedlake-imag0124,encounterloop.html?id=twomouth-unnamedlake-imag0124
Encounter Loop,encounterloop,two-mouth-lakes-encounter,Two Mouth Lakes Encounter,encounterloop.html?id=two-mouth-lakes-encounter,Dont Look Back...,salmopriest-criticalhabitat-wolfpipe-imag0048,encounterloop.html?id=salmopriest-criticalhabitat-wolfpipe-imag0048,Greg Johnson on Habitat Alteration and Predation,greg-johnson-habitat-alteration,encounterloop.html?id=greg-johnson-habitat-alteration
Encounter Loop,encounterloop,salmopriest-criticalhabitat-wolfpipe-imag0048,Dont Look Back...,encounterloop.html?id=salmopriest-criticalhabitat-wolfpipe-imag0048,Something Might Be Gaining On You,salmopriest-criticalhabitat-wolfpipe-imag0053,encounterloop.html?id=salmopriest-criticalhabitat-wolfpipe-imag0053,Two Mouth Lakes Encounter,two-mouth-lakes-encounter,encounterloop.html?id=two-mouth-lakes-encounter
Encounter Loop,encounterloop,salmopriest-criticalhabitat-wolfpipe-imag0053,Something Might Be Gaining On You,encounterloop.html?id=salmopriest-criticalhabitat-wolfpipe-imag0053,Grass Munch,salmopriest-criticalhabitat-wolfpipe-imag0122,encounterloop.html?id=salmopriest-criticalhabitat-wolfpipe-imag0122,Dont Look Back...,salmopriest-criticalhabitat-wolfpipe-imag0048,encounterloop.html?id=salmopriest-criticalhabitat-wolfpipe-imag0048
Encounter Loop,encounterloop,salmopriest-criticalhabitat-wolfpipe-imag0122,Grass Munch,encounterloop.html?id=salmopriest-criticalhabitat-wolfpipe-imag0122,Windy Saddle,salmopriest-criticalhabitat-littlesnowysaddlesouth-imag0024,encounterloop.html?id=salmopriest-criticalhabitat-littlesnowysaddlesouth-imag0024,Something Might Be Gaining On You,salmopriest-criticalhabitat-wolfpipe-imag0053,encounterloop.html?id=salmopriest-criticalhabitat-wolfpipe-imag0053
Encounter Loop,encounterloop,salmopriest-criticalhabitat-littlesnowysaddlesouth-imag0024,Windy Saddle,encounterloop.html?id=salmopriest-criticalhabitat-littlesnowysaddlesouth-imag0024,Windier Saddle,salmopriest-criticalhabitat-littlesnowysaddlesouth-imag0025,encounterloop.html?id=salmopriest-criticalhabitat-littlesnowysaddlesouth-imag0025,Grass Munch,salmopriest-criticalhabitat-wolfpipe-imag0122,encounterloop.html?id=salmopriest-criticalhabitat-wolfpipe-imag0122
Encounter Loop,encounterloop,salmopriest-criticalhabitat-littlesnowysaddlesouth-imag0025,Windier Saddle,encounterloop.html?id=salmopriest-criticalhabitat-littlesnowysaddlesouth-imag0025,Storming Saddle,salmopriest-criticalhabitat-littlesnowysaddlesouth-imag0026,encounterloop.html?id=salmopriest-criticalhabitat-littlesnowysaddlesouth-imag0026,Windy Saddle,salmopriest-criticalhabitat-littlesnowysaddlesouth-imag0024,encounterloop.html?id=salmopriest-criticalhabitat-littlesnowysaddlesouth-imag0024
Encounter Loop,encounterloop,salmopriest-criticalhabitat-littlesnowysaddlesouth-imag0026,Storming Saddle,encounterloop.html?id=salmopriest-criticalhabitat-littlesnowysaddlesouth-imag0026,Dusky Morning,salmopriest-criticalhabitat-littlesnowysaddlesouth-imag0011,encounterloop.html?id=salmopriest-criticalhabitat-littlesnowysaddlesouth-imag0011,Windier Saddle,salmopriest-criticalhabitat-littlesnowysaddlesouth-imag0025,encounterloop.html?id=salmopriest-criticalhabitat-littlesnowysaddlesouth-imag0025
Encounter Loop,encounterloop,salmopriest-criticalhabitat-littlesnowysaddlesouth-imag0011,Dusky Morning,encounterloop.html?id=salmopriest-criticalhabitat-littlesnowysaddlesouth-imag0011,Buck at Sunrise,salmopriest-criticalhabitat-littlesnowysaddlesouth-imag0021,encounterloop.html?id=salmopriest-criticalhabitat-littlesnowysaddlesouth-imag0021,Storming Saddle,salmopriest-criticalhabitat-littlesnowysaddlesouth-imag0026,encounterloop.html?id=salmopriest-criticalhabitat-littlesnowysaddlesouth-imag0026
Encounter Loop,encounterloop,salmopriest-criticalhabitat-littlesnowysaddlesouth-imag0021,Buck at Sunrise,encounterloop.html?id=salmopriest-criticalhabitat-littlesnowysaddlesouth-imag0021,Earnie's Story ,earnie-story,encounterloop.html?id=earnie-story,Dusky Morning,salmopriest-criticalhabitat-littlesnowysaddlesouth-imag0011,encounterloop.html?id=salmopriest-criticalhabitat-littlesnowysaddlesouth-imag0011
Encounter Loop,encounterloop,earnie-story,Earnie's Story ,encounterloop.html?id=earnie-story,Loops Main page,,/loops/index.html,Buck at Sunrise,salmopriest-criticalhabitat-littlesnowysaddlesouth-imag0021,encounterloop.html?id=salmopriest-criticalhabitat-littlesnowysaddlesouth-imag0021
Two Mouth Meadow Trail,twomouthmeadowtrail,two-mouth-lakes-encounter,Two Mouth Lakes Encounter,twomouthmeadowtrail.html?id=two-mouth-lakes-encounter,Morning Shower,two-mouth-meadow-imag0059,twomouthmeadowtrail.html?id=two-mouth-meadow-imag0059,Loops Main page,,/loops/index.html
Two Mouth Meadow Trail,twomouthmeadowtrail,two-mouth-meadow-imag0059,Morning Shower,twomouthmeadowtrail.html?id=two-mouth-meadow-imag0059,Sunsplash,two-mouth-meadow-imag0096,mapitem.html?id=Sunsplash,Two Mouth Lakes Encounter,two-mouth-lakes-encounter,twomouthmeadowtrail.html?id=two-mouth-lakes-encounter
Two Mouth Meadow Trail,twomouthmeadowtrail,two-mouth-meadow-imag0096,Sunsplash,twomouthmeadowtrail.html?id=two-mouth-meadow-imag0096,Doe Sundance,two-mouth-meadow-imag0166,mapitem.html?id=Doe Sundance,Morning Shower,two-mouth-meadow-imag0059,twomouthmeadowtrail.html?id=two-mouth-meadow-imag0059
Two Mouth Meadow Trail,twomouthmeadowtrail,two-mouth-meadow-imag0166,Doe Sundance,twomouthmeadowtrail.html?id=two-mouth-meadow-imag0166,Doe Sundance,two-mouth-meadow-imag0168,mapitem.html?id=Doe Sundance,Sunsplash,two-mouth-meadow-imag0096,twomouthmeadowtrail.html?id=two-mouth-meadow-imag0096
Two Mouth Meadow Trail,twomouthmeadowtrail,two-mouth-meadow-imag0168,Doe Sundance,twomouthmeadowtrail.html?id=two-mouth-meadow-imag0168,Hiker Center,two-mouth-meadow-imag0062,mapitem.html?id=Hiker Center,Doe Sundance,two-mouth-meadow-imag0166,twomouthmeadowtrail.html?id=two-mouth-meadow-imag0166
Two Mouth Meadow Trail,twomouthmeadowtrail,two-mouth-meadow-imag0062,Hiker Center,twomouthmeadowtrail.html?id=two-mouth-meadow-imag0062,Frolicking,two-mouth-meadow-imag0196,mapitem.html?id=Frolicking,Doe Sundance,two-mouth-meadow-imag0168,twomouthmeadowtrail.html?id=two-mouth-meadow-imag0168
Two Mouth Meadow Trail,twomouthmeadowtrail,two-mouth-meadow-imag0196,Frolicking,twomouthmeadowtrail.html?id=two-mouth-meadow-imag0196,Humming Bird,two-mouth-meadow-imag206,mapitem.html?id=Humming Bird,Hiker Center,two-mouth-meadow-imag0062,twomouthmeadowtrail.html?id=two-mouth-meadow-imag0062
Two Mouth Meadow Trail,twomouthmeadowtrail,two-mouth-meadow-imag206,Humming Bird,twomouthmeadowtrail.html?id=two-mouth-meadow-imag206,Doe Before Dawn,two-mouth-meadow-imag0042,mapitem.html?id=Doe Before Dawn,Frolicking,two-mouth-meadow-imag0196,twomouthmeadowtrail.html?id=two-mouth-meadow-imag0196
Two Mouth Meadow Trail,twomouthmeadowtrail,two-mouth-meadow-imag0042,Doe Before Dawn,twomouthmeadowtrail.html?id=two-mouth-meadow-imag0042,Greg Servheen Mountain Caribou Predation Story,greg-servheen-predation ,mapitem.html?id=Greg Servheen Mountain Caribou Predation Story,Humming Bird,two-mouth-meadow-imag206,twomouthmeadowtrail.html?id=two-mouth-meadow-imag206
Two Mouth Meadow Trail,twomouthmeadowtrail,greg-servheen-predation ,Greg Servheen Mountain Caribou Predation Story,twomouthmeadowtrail.html?id=greg-servheen-predation ,Petrichor,twomouth-unnamedlake-imag0038,mapitem.html?id=Petrichor,Doe Before Dawn,two-mouth-meadow-imag0042,twomouthmeadowtrail.html?id=two-mouth-meadow-imag0042
Two Mouth Meadow Trail,twomouthmeadowtrail,twomouth-unnamedlake-imag0038,Petrichor,twomouthmeadowtrail.html?id=twomouth-unnamedlake-imag0038,Cow in Rain,twomouth-unnamedlake-imag0085,mapitem.html?id=Cow in Rain,Greg Servheen Mountain Caribou Predation Story,greg-servheen-predation ,twomouthmeadowtrail.html?id=greg-servheen-predation 
Two Mouth Meadow Trail,twomouthmeadowtrail,twomouth-unnamedlake-imag0085,Cow in Rain,twomouthmeadowtrail.html?id=twomouth-unnamedlake-imag0085,At The Edge,twomouth-unnamedlake-imag0043,mapitem.html?id=At The Edge,Petrichor,twomouth-unnamedlake-imag0038,twomouthmeadowtrail.html?id=twomouth-unnamedlake-imag0038
Two Mouth Meadow Trail,twomouthmeadowtrail,twomouth-unnamedlake-imag0043,At The Edge,twomouthmeadowtrail.html?id=twomouth-unnamedlake-imag0043,Trio,twomouth-unnamedlake-imag0052,mapitem.html?id=Trio,Cow in Rain,twomouth-unnamedlake-imag0085,twomouthmeadowtrail.html?id=twomouth-unnamedlake-imag0085
Two Mouth Meadow Trail,twomouthmeadowtrail,twomouth-unnamedlake-imag0052,Trio,twomouthmeadowtrail.html?id=twomouth-unnamedlake-imag0052,Hikers Approach,twomouth-unnamedlake-imag0118,mapitem.html?id=Hikers Approach,At The Edge,twomouth-unnamedlake-imag0043,twomouthmeadowtrail.html?id=twomouth-unnamedlake-imag0043
Two Mouth Meadow Trail,twomouthmeadowtrail,twomouth-unnamedlake-imag0118,Hikers Approach,twomouthmeadowtrail.html?id=twomouth-unnamedlake-imag0118,High Noon,twomouth-unnamedlake-imag0123,mapitem.html?id=High Noon,Trio,twomouth-unnamedlake-imag0052,twomouthmeadowtrail.html?id=twomouth-unnamedlake-imag0052
Two Mouth Meadow Trail,twomouthmeadowtrail,twomouth-unnamedlake-imag0123,High Noon,twomouthmeadowtrail.html?id=twomouth-unnamedlake-imag0123,Moose Silhouette,twomouth-unnamedlake-imag0095,mapitem.html?id=Moose Silhouette,Hikers Approach,twomouth-unnamedlake-imag0118,twomouthmeadowtrail.html?id=twomouth-unnamedlake-imag0118
Two Mouth Meadow Trail,twomouthmeadowtrail,twomouth-unnamedlake-imag0095,Moose Silhouette,twomouthmeadowtrail.html?id=twomouth-unnamedlake-imag0095,Sleetcam,twomouth-unnamedlake-imag0131,mapitem.html?id=Sleetcam,High Noon,twomouth-unnamedlake-imag0123,twomouthmeadowtrail.html?id=twomouth-unnamedlake-imag0123
Two Mouth Meadow Trail,twomouthmeadowtrail,twomouth-unnamedlake-imag0131,Sleetcam,twomouthmeadowtrail.html?id=twomouth-unnamedlake-imag0131,Sleetdance,twomouth-unnamedlake-imag0037,mapitem.html?id=Sleetdance,Moose Silhouette,twomouth-unnamedlake-imag0095,twomouthmeadowtrail.html?id=twomouth-unnamedlake-imag0095
Two Mouth Meadow Trail,twomouthmeadowtrail,twomouth-unnamedlake-imag0037,Sleetdance,twomouthmeadowtrail.html?id=twomouth-unnamedlake-imag0037,Smokey,twomouth-unnamedlake-imag0190,mapitem.html?id=Smokey,Sleetcam,twomouth-unnamedlake-imag0131,twomouthmeadowtrail.html?id=twomouth-unnamedlake-imag0131
Two Mouth Meadow Trail,twomouthmeadowtrail,twomouth-unnamedlake-imag0190,Smokey,twomouthmeadowtrail.html?id=twomouth-unnamedlake-imag0190,Rich Landers Encounter at Two Mouth Lakes,rich-landers-encounter-two-mouth-lakes,mapitem.html?id=Rich Landers Encounter at Two Mouth Lakes,Sleetdance,twomouth-unnamedlake-imag0037,twomouthmeadowtrail.html?id=twomouth-unnamedlake-imag0037
Two Mouth Meadow Trail,twomouthmeadowtrail,rich-landers-encounter-two-mouth-lakes,Rich Landers Encounter at Two Mouth Lakes,twomouthmeadowtrail.html?id=rich-landers-encounter-two-mouth-lakes,Loops Main page,,/loops/index.html,Smokey,twomouth-unnamedlake-imag0190,twomouthmeadowtrail.html?id=twomouth-unnamedlake-imag0190
Face-to-Face Loop,facetofaceloop,schweitzer-mt-encounter,Schweitzer Mt. Encounter,facetofaceloop.html?id=schweitzer-mt-encounter,Camera Assessment ,salmopriest-criticalhabitat-salmodivide535rim-imag0013,facetofaceloop.html?id=salmopriest-criticalhabitat-salmodivide535rim-imag0013,Loops Main page,,/loops/index.html
Face-to-Face Loop,facetofaceloop,salmopriest-criticalhabitat-salmodivide535rim-imag0013,Camera Assessment ,facetofaceloop.html?id=salmopriest-criticalhabitat-salmodivide535rim-imag0013,Chris Head,salmopriest-criticalhabitat-salmodivide535rim-imag0025,facetofaceloop.html?id=salmopriest-criticalhabitat-salmodivide535rim-imag0025,Schweitzer Mt. Encounter,schweitzer-mt-encounter,
Face-to-Face Loop,facetofaceloop,salmopriest-criticalhabitat-salmodivide535rim-imag0025,Chris Head,facetofaceloop.html?id=salmopriest-criticalhabitat-salmodivide535rim-imag0025,Face,salmopriest-criticalhabitat-salmodivide535rim-imag0082,facetofaceloop.html?id=salmopriest-criticalhabitat-salmodivide535rim-imag0082,Camera Assessment ,salmopriest-criticalhabitat-salmodivide535rim-imag0013,
Face-to-Face Loop,facetofaceloop,salmopriest-criticalhabitat-salmodivide535rim-imag0082,Face,facetofaceloop.html?id=salmopriest-criticalhabitat-salmodivide535rim-imag0082,Cow on the Loop,salmopriest-criticalhabitat-salmodivide535rim-imag0070,facetofaceloop.html?id=salmopriest-criticalhabitat-salmodivide535rim-imag0070,Chris Head,salmopriest-criticalhabitat-salmodivide535rim-imag0025,
Face-to-Face Loop,facetofaceloop,salmopriest-criticalhabitat-salmodivide535rim-imag0070,Cow on the Loop,facetofaceloop.html?id=salmopriest-criticalhabitat-salmodivide535rim-imag0070,Coat Shed,salmopriest-criticalhabitat-salmodivide535rim-imag0057,facetofaceloop.html?id=salmopriest-criticalhabitat-salmodivide535rim-imag0057,Face,salmopriest-criticalhabitat-salmodivide535rim-imag0082,
Face-to-Face Loop,facetofaceloop,salmopriest-criticalhabitat-salmodivide535rim-imag0057,Coat Shed,facetofaceloop.html?id=salmopriest-criticalhabitat-salmodivide535rim-imag0057,Coyote Loop,salmopriest-criticalhabitat-salmodivide535rim-imag0061,facetofaceloop.html?id=salmopriest-criticalhabitat-salmodivide535rim-imag0061,Cow on the Loop,salmopriest-criticalhabitat-salmodivide535rim-imag0070,
Face-to-Face Loop,facetofaceloop,salmopriest-criticalhabitat-salmodivide535rim-imag0061,Coyote Loop,facetofaceloop.html?id=salmopriest-criticalhabitat-salmodivide535rim-imag0061,Hiker on the Loop,salmopriest-criticalhabitat-salmodivide535rim-imag0109,facetofaceloop.html?id=salmopriest-criticalhabitat-salmodivide535rim-imag0109,Coat Shed,salmopriest-criticalhabitat-salmodivide535rim-imag0057,
Face-to-Face Loop,facetofaceloop,salmopriest-criticalhabitat-salmodivide535rim-imag0109,Hiker on the Loop,facetofaceloop.html?id=salmopriest-criticalhabitat-salmodivide535rim-imag0109,Bull on the Loop,salmopriest-criticalhabitat-salmodivide535rim-imag0176,facetofaceloop.html?id=salmopriest-criticalhabitat-salmodivide535rim-imag0176,Coyote Loop,salmopriest-criticalhabitat-salmodivide535rim-imag0061,
Face-to-Face Loop,facetofaceloop,salmopriest-criticalhabitat-salmodivide535rim-imag0176,Bull on the Loop,facetofaceloop.html?id=salmopriest-criticalhabitat-salmodivide535rim-imag0176,Sideways,salmopriest-criticalhabitat-salmodivide535rim-imag0184,facetofaceloop.html?id=salmopriest-criticalhabitat-salmodivide535rim-imag0184,Hiker on the Loop,salmopriest-criticalhabitat-salmodivide535rim-imag0109,
Face-to-Face Loop,facetofaceloop,salmopriest-criticalhabitat-salmodivide535rim-imag0184,Sideways,facetofaceloop.html?id=salmopriest-criticalhabitat-salmodivide535rim-imag0184,Silhouetted with Subalpine,salmopriest-criticalhabitat-salmodivide535rim-imag0185,facetofaceloop.html?id=salmopriest-criticalhabitat-salmodivide535rim-imag0185,Bull on the Loop,salmopriest-criticalhabitat-salmodivide535rim-imag0176,
Face-to-Face Loop,facetofaceloop,salmopriest-criticalhabitat-salmodivide535rim-imag0185,Silhouetted with Subalpine,facetofaceloop.html?id=salmopriest-criticalhabitat-salmodivide535rim-imag0185,Brad Smith on Encounter at Beehive Lakes,brad-smith-encounter-beehive-lakes,facetofaceloop.html?id=brad-smith-encounter-beehive-lakes,Sideways,salmopriest-criticalhabitat-salmodivide535rim-imag0184,
Face-to-Face Loop,facetofaceloop,brad-smith-encounter-beehive-lakes,Brad Smith on Encounter at Beehive Lakes,facetofaceloop.html?id=brad-smith-encounter-beehive-lakes,Chimney Rock Encounter,chimney-rock-encounter,facetofaceloop.html?id=chimney-rock-encounter,Silhouetted with Subalpine,salmopriest-criticalhabitat-salmodivide535rim-imag0185,
Face-to-Face Loop,facetofaceloop,chimney-rock-encounter,Chimney Rock Encounter,facetofaceloop.html?id=chimney-rock-encounter,Turn Down Your Volume,ballcreek-smallclearing-bullmoosefogscam,facetofaceloop.html?id=ballcreek-smallclearing-bullmoosefogscam,Brad Smith on Encounter at Beehive Lakes,brad-smith-encounter-beehive-lakes,
Face-to-Face Loop,facetofaceloop,ballcreek-smallclearing-bullmoosefogscam,Turn Down Your Volume,facetofaceloop.html?id=ballcreek-smallclearing-bullmoosefogscam,Behind the Veil ,ballcreek-smallclearing-bullmooseheadinclearingcam,facetofaceloop.html?id=ballcreek-smallclearing-bullmooseheadinclearingcam,Chimney Rock Encounter,chimney-rock-encounter,
Face-to-Face Loop,facetofaceloop,ballcreek-smallclearing-bullmooseheadinclearingcam,Behind the Veil ,facetofaceloop.html?id=ballcreek-smallclearing-bullmooseheadinclearingcam,Eye to Eye,ballcreek-smallclearing-bullmooseheadclearandcloseup,facetofaceloop.html?id=ballcreek-smallclearing-bullmooseheadclearandcloseup,Turn Down Your Volume,ballcreek-smallclearing-bullmoosefogscam,
Face-to-Face Loop,facetofaceloop,ballcreek-smallclearing-bullmooseheadclearandcloseup,Eye to Eye,facetofaceloop.html?id=ballcreek-smallclearing-bullmooseheadclearandcloseup,Black Bear Gaze,black-bear-gaze,facetofaceloop.html?id=black-bear-gaze,Behind the Veil ,ballcreek-smallclearing-bullmooseheadinclearingcam,
Face-to-Face Loop,facetofaceloop,black-bear-gaze,Black Bear Gaze,facetofaceloop.html?id=black-bear-gaze,A Taste,ballcreek-smallclearing-chocolatebearbitescam,facetofaceloop.html?id=ballcreek-smallclearing-chocolatebearbitescam,Eye to Eye,ballcreek-smallclearing-bullmooseheadclearandcloseup,
Face-to-Face Loop,facetofaceloop,ballcreek-smallclearing-chocolatebearbitescam,A Taste,facetofaceloop.html?id=ballcreek-smallclearing-chocolatebearbitescam,Decker Selfie,ballcreek-smallclearing-deckerselfie,facetofaceloop.html?id=ballcreek-smallclearing-deckerselfie,Black Bear Gaze,black-bear-gaze,
Face-to-Face Loop,facetofaceloop,ballcreek-smallclearing-deckerselfie,Decker Selfie,facetofaceloop.html?id=ballcreek-smallclearing-deckerselfie,Chocolate Sniffs,ballcreek-smallclearing-chocolatebearsniffscenter,facetofaceloop.html?id=ballcreek-smallclearing-chocolatebearsniffscenter,A Taste,ballcreek-smallclearing-chocolatebearbitescam,
Face-to-Face Loop,facetofaceloop,ballcreek-smallclearing-chocolatebearsniffscenter,Chocolate Sniffs,facetofaceloop.html?id=ballcreek-smallclearing-chocolatebearsniffscenter,Bull Moose Shoulder Profile ,bull-moose-shoulder-profile-bell-and-wind,facetofaceloop.html?id=bull-moose-shoulder-profile-bell-and-wind,Decker Selfie,ballcreek-smallclearing-deckerselfie,
Face-to-Face Loop,facetofaceloop,bull-moose-shoulder-profile-bell-and-wind,Bull Moose Shoulder Profile ,facetofaceloop.html?id=bull-moose-shoulder-profile-bell-and-wind,Nervously,ballcreek-smallclearing-whitetaildoewalkingoffnervously,facetofaceloop.html?id=ballcreek-smallclearing-whitetaildoewalkingoffnervously,Chocolate Sniffs,ballcreek-smallclearing-chocolatebearsniffscenter,
Face-to-Face Loop,facetofaceloop,ballcreek-smallclearing-whitetaildoewalkingoffnervously,Nervously,facetofaceloop.html?id=ballcreek-smallclearing-whitetaildoewalkingoffnervously,Looking Back,ballcreek-smallclearing-bullmoosethrushpeckerlookingback,facetofaceloop.html?id=ballcreek-smallclearing-bullmoosethrushpeckerlookingback,Bull Moose Shoulder Profile ,bull-moose-shoulder-profile-bell-and-wind,
Face-to-Face Loop,facetofaceloop,ballcreek-smallclearing-bullmoosethrushpeckerlookingback,Looking Back,facetofaceloop.html?id=ballcreek-smallclearing-bullmoosethrushpeckerlookingback,"Larry Jeffries ""I was sitting on the end of a tailgate having lunch...""",larry-jeffries-lunch,facetofaceloop.html?id=larry-jeffries-lunch,Nervously,ballcreek-smallclearing-whitetaildoewalkingoffnervously,
Face-to-Face Loop,facetofaceloop,larry-jeffries-lunch,"Larry Jeffries ""I was sitting on the end of a tailgate having lunch...""",facetofaceloop.html?id=larry-jeffries-lunch,Loops Main page,,/loops/index.html,Looking Back,ballcreek-smallclearing-bullmoosethrushpeckerlookingback,